PragaDate,DAILY_TMIN,DAILY_TMAX,DAILY_PREC
2025-01-01,0.8,11.0,0.0
2025-01-02,1.1,10.2,0.0
2025-01-03,3.6,8.2,0.1
2025-01-04,1.2,5.5,0.0
2025-01-05,2.9,5.5,0.1
2025-01-06,3.9,5.8,0.0
2025-01-07,4.4,7.4,0.1
2025-01-08,3.2,5.3,0.1
2025-01-09,4.4,7.5,2.2
2025-01-10,6.2,10.7,0.0
2025-01-11,2.6,8.3,0.0
2025-01-12,0.4,6.9,0.0
2025-01-13,0.2,7.2,0.0
2025-01-14,-0.1,5.1,0.0
2025-01-15,0.7,8.3,0.0
2025-01-16,2.8,8.1,0.0
2025-01-17,1.9,7.4,0.0
2025-01-18,2.5,7.5,1.6
2025-01-19,4.9,7.7,1.2
2025-01-20,5.7,7.4,4.0
2025-01-21,5.0,9.5,0.2
2025-01-22,5.0,6.7,1.8
2025-01-23,5.8,7.8,0.3
2025-01-24,5.1,12.4,0.0
2025-01-25,5.6,7.1,0.0
2025-01-26,4.7,11.6,1.6
2025-01-27,6.3,17.1,0.0
2025-01-28,8.7,18.5,0.0
2025-01-29,7.0,15.1,0.0
2025-01-30,5.6,11.6,0.0
2025-01-31,6.1,9.3,17.6
2025-02-01,7.4,10.1,5.7
2025-02-02,7.7,10.4,0.0
2025-02-03,5.8,11.9,0.0
2025-02-04,3.9,11.5,0.0
2025-02-05,3.8,11.9,0.0
2025-02-06,2.9,11.1,0.0
2025-02-07,2.5,7.5,0.0
2025-02-08,4.5,6.9,9.5
2025-02-09,4.5,7.4,4.1
2025-02-10,6.4,9.3,0.0
2025-02-11,7.6,11.9,4.0
2025-02-12,8.0,10.2,12.2
2025-02-13,8.3,10.4,0.1
2025-02-14,4.2,9.8,24.0
2025-02-15,2.9,8.2,0.2
2025-02-16,1.1,8.5,0.0
2025-02-17,1.2,6.8,0.0
2025-02-18,1.7,7.0,0.0
2025-02-19,2.2,6.8,0.0
2025-02-20,1.8,9.5,0.0
2025-02-21,2.6,13.5,0.0
2025-02-22,6.1,12.9,0.0
2025-02-23,8.4,12.5,0.0
2025-02-24,9.6,14.0,0.0
2025-02-25,8.8,12.2,2.4
2025-02-26,8.3,10.6,24.5
2025-02-27,8.4,15.2,0.2
2025-02-28,6.3,11.4,0.3
2025-03-01,7.5,10.1,9.4
2025-03-02,5.1,12.6,0.0
2025-03-03,3.3,14.9,0.0
2025-03-04,4.1,16.4,0.0
2025-03-05,6.0,17.6,0.0
2025-03-06,5.6,17.9,0.0
2025-03-07,5.3,16.9,0.0
2025-03-08,6.8,18.1,0.0
2025-03-09,9.9,16.2,0.3
2025-03-10,10.4,16.8,3.0
2025-03-11,10.0,17.5,4.7
2025-03-12,10.3,16.7,13.3
2025-03-13,9.0,16.9,1.1
2025-03-14,10.4,14.1,24.9
2025-03-15,10.9,17.3,4.6
2025-03-16,8.9,16.1,0.1
2025-03-17,7.7,14.8,0.0
2025-03-18,3.8,9.7,0.0
2025-03-19,1.9,13.2,0.0
2025-03-20,3.8,16.6,0.0
2025-03-21,7.0,14.0,0.0
2025-03-22,9.5,13.4,4.2
2025-03-23,9.4,20.7,0.1
2025-03-24,10.1,18.6,0.0
2025-03-25,9.9,16.8,15.6
2025-03-26,10.1,17.2,0.8
2025-03-27,11.5,15.4,1.1
2025-03-28,10.9,15.3,1.7
2025-03-29,10.5,14.3,2.3
2025-03-30,10.8,19.9,0.0
2025-03-31,9.2,18.4,0.5
2025-04-01,7.8,14.5,0.2
2025-04-02,10.1,18.6,0.1
2025-04-03,9.5,21.4,0.0
2025-04-04,9.6,22.1,0.0
2025-04-05,10.3,23.9,0.0
2025-04-06,7.1,16.4,0.0
2025-04-07,5.6,14.7,0.0
2025-04-08,5.0,16.2,0.0
2025-04-09,6.7,19.3,0.0
2025-04-10,9.0,20.3,0.0
2025-04-11,10.9,25.7,0.0
2025-04-12,12.9,22.1,0.0
2025-04-13,11.2,17.3,16.8
2025-04-14,11.3,14.5,21.1
2025-04-15,13.1,21.6,8.4
2025-04-16,12.0,19.2,2.5
2025-04-17,14.2,19.1,5.4
2025-04-18,11.7,19.3,1.3
2025-04-19,12.4,21.7,0.0
2025-04-20,13.5,21.0,0.0
2025-04-21,14.1,21.2,0.0
2025-04-22,13.8,24.1,0.0
2025-04-23,16.4,22.0,0.1
2025-04-24,14.7,21.3,0.0
2025-04-25,13.5,18.7,0.6
2025-04-26,12.3,20.8,0.0
2025-04-27,13.5,21.6,0.3
2025-04-28,12.9,24.1,0.0
2025-04-29,13.1,25.9,0.0
2025-04-30,13.2,27.3,0.0
2025-05-01,14.8,28.9,0.0
2025-05-02,15.8,31.1,0.0
2025-05-03,17.7,27.8,0.0
2025-05-04,18.1,26.4,0.0
2025-05-05,16.5,22.7,0.3
2025-05-06,14.2,21.5,0.0
2025-05-07,12.9,19.9,2.7
2025-05-08,11.7,19.6,0.0
2025-05-09,12.7,19.3,0.0
2025-05-10,13.4,22.1,0.0
2025-05-11,13.8,24.7,0.0
2025-05-12,14.1,25.1,0.1
2025-05-13,14.9,22.3,0.0
2025-05-14,12.5,25.5,0.0
2025-05-15,13.1,27.6,16.4
2025-05-16,12.2,20.8,3.2
2025-05-17,13.6,22.6,0.0
2025-05-18,14.5,24.4,0.0
2025-05-19,16.4,27.9,0.0
2025-05-20,15.2,23.0,5.2
2025-05-21,15.0,24.3,0.3
2025-05-22,15.0,21.1,0.0
2025-05-23,12.3,19.1,1.9
2025-05-24,11.4,22.5,0.0
2025-05-25,12.6,25.2,0.0
2025-05-26,17.5,28.2,0.0
2025-05-27,15.3,20.0,0.1
2025-05-28,14.9,27.6,0.0
2025-05-29,17.3,29.1,0.0
2025-05-30,16.6,30.6,0.0
2025-05-31,17.4,30.9,0.0
2025-06-01,19.4,33.2,0.0
2025-06-02,21.8,32.1,0.0
2025-06-03,21.1,30.9,0.0
2025-06-04,20.6,30.3,0.0
2025-06-05,21.7,29.4,0.6
2025-06-06,20.4,30.6,0.0
2025-06-07,20.9,32.1,0.0
2025-06-08,22.8,31.5,0.0
2025-06-09,19.7,28.4,0.0
2025-06-10,19.0,31.6,0.0
2025-06-11,21.6,33.4,0.0
2025-06-12,21.5,34.6,0.0
2025-06-13,22.1,34.8,0.0
2025-06-14,22.3,35.8,0.2
2025-06-15,23.6,37.2,0.0
2025-06-16,18.9,32.1,18.8
2025-06-17,18.2,27.2,2.2
2025-06-18,18.3,30.4,0.0
2025-06-19,20.9,35.0,0.0
2025-06-20,22.3,35.3,0.0
2025-06-21,22.2,31.5,0.0
2025-06-22,21.1,33.1,0.3
2025-06-23,23.2,35.7,0.0
2025-06-24,23.5,34.5,0.0
2025-06-25,25.3,36.5,0.0
2025-06-26,26.4,38.2,0.0
2025-06-27,24.3,34.7,0.0
2025-06-28,24.4,36.3,0.0
2025-06-29,24.3,34.9,0.0
2025-06-30,24.9,36.9,0.0
2025-07-01,25.5,35.8,0.0
2025-07-02,24.7,35.9,0.0
2025-07-03,24.9,36.5,0.0
2025-07-04,25.3,37.0,0.0
2025-07-05,22.6,33.2,6.8
2025-07-06,22.2,31.1,0.1
2025-07-07,19.2,31.6,0.4
2025-07-08,15.5,29.0,9.8
2025-07-09,14.9,28.6,0.0
2025-07-10,15.9,30.5,0.0
2025-07-11,18.2,32.5,0.0
2025-07-12,18.1,31.6,0.0
2025-07-13,21.3,29.7,0.0
2025-07-14,21.3,32.8,0.0
2025-07-15,23.3,35.6,0.0
2025-07-16,23.8,33.2,0.0
2025-07-17,21.1,32.4,0.0
2025-07-18,19.9,33.0,0.0
2025-07-19,22.6,32.2,0.0
2025-07-20,24.0,35.1,0.0
2025-07-21,25.6,34.1,0.0
2025-07-22,24.1,34.6,0.0
2025-07-23,22.3,34.8,0.0
2025-07-24,23.2,33.4,0.0
2025-07-25,19.2,25.8,4.4
2025-07-26,17.2,27.0,14.4
2025-07-27,19.3,31.6,0.0
2025-07-28,17.7,24.4,9.8
2025-07-29,18.3,28.4,0.0
2025-07-30,17.4,29.3,0.0
2025-07-31,18.6,31.6,0.0
2025-08-01,20.3,31.3,0.0
2025-08-02,19.2,28.5,0.0
2025-08-03,18.0,27.3,0.0
2025-08-04,18.5,30.3,0.0
2025-08-05,19.5,32.2,0.0
2025-08-06,19.6,31.2,0.0
2025-08-07,21.0,32.5,0.0
2025-08-08,22.1,35.6,0.0
2025-08-09,23.9,36.8,0.0
2025-08-10,25.3,38.3,0.0
2025-08-11,24.5,36.1,0.0
2025-08-12,24.4,35.9,0.0
2025-08-13,24.5,36.7,0.0
2025-08-14,23.6,34.8,0.0
2025-08-15,24.9,35.5,0.0
2025-08-16,25.5,36.7,0.0
2025-08-17,24.5,35.0,0.0
2025-08-18,23.3,32.8,0.0
2025-08-19,22.0,33.8,0.0
2025-08-20,20.7,30.5,13.2
2025-08-21,18.8,25.5,10.8
2025-08-22,19.6,29.4,0.0
2025-08-23,18.6,29.4,1.6
2025-08-24,19.3,24.8,0.3
2025-08-25,18.5,28.6,0.0
2025-08-26,20.0,31.0,0.0
2025-08-27,21.6,29.1,0.4
2025-08-28,19.0,33.1,5.6
2025-08-29,18.1,30.5,0.0
2025-08-30,18.5,25.5,0.8
2025-08-31,18.0,30.6,0.0
2025-09-01,19.1,31.5,0.0
2025-09-02,18.0,24.4,7.5
2025-09-03,18.7,27.6,0.0
2025-09-04,19.4,31.1,0.0
2025-09-05,19.9,31.5,0.0
2025-09-06,18.5,29.0,0.0
2025-09-07,17.6,30.2,0.0
2025-09-08,18.7,29.0,0.0
2025-09-09,20.6,28.2,6.8
2025-09-10,20.1,24.8,10.1
2025-09-11,18.8,28.5,0.0
2025-09-12,19.7,29.8,0.0
2025-09-13,18.7,27.1,0.0
2025-09-14,19.7,28.7,0.0
2025-09-15,19.8,29.4,0.0
2025-09-16,20.9,30.2,0.0
2025-09-17,18.7,27.2,0.0
2025-09-18,17.9,30.0,0.0
2025-09-19,18.4,31.5,0.0
2025-09-20,19.7,32.1,0.0
2025-09-21,19.0,32.1,0.0
2025-09-22,20.5,28.4,0.0
2025-09-23,18.3,26.5,0.0
2025-09-24,16.2,25.1,0.0
2025-09-25,14.1,21.2,6.9
2025-09-26,13.4,21.2,0.0
2025-09-27,13.5,21.4,6.7
2025-09-28,13.6,21.5,0.0
2025-09-29,13.2,25.0,0.0
2025-09-30,13.3,23.3,2.4
2025-10-01,11.8,18.4,13.2
2025-10-02,9.4,18.3,0.0
2025-10-03,9.4,20.2,0.0
2025-10-04,9.3,22.4,0.0
2025-10-05,10.0,16.6,7.4
2025-10-06,9.2,20.8,0.0
2025-10-07,10.3,22.6,0.0
2025-10-08,10.0,23.0,0.0
2025-10-09,12.1,24.3,0.0
2025-10-10,12.3,23.8,0.0
2025-10-11,12.8,24.3,0.0
2025-10-12,12.4,23.3,0.0
2025-10-13,14.2,23.1,0.0
2025-10-14,13.3,21.6,0.0
2025-10-15,12.0,21.0,0.0
2025-10-16,10.3,20.8,0.0
2025-10-17,9.6,19.1,0.0
2025-10-18,9.4,20.7,0.0
2025-10-19,8.9,19.9,0.0
2025-10-20,12.1,17.1,4.1
2025-10-21,12.5,14.8,7.0
2025-10-22,12.2,14.8,0.1
2025-10-23,13.4,17.7,19.1
